lat,lon,industrial,road,population,elev,prectot,rh,temp,data
29.81453,-95.38769,1.66,979.51,2221.38,19.0,0.0,78.2,20.52,16.2
29.81453,-95.38769,1.66,979.51,2221.38,19.0,0.0,81.6,19.76,15.5
29.81453,-95.38769,1.66,979.51,2221.38,19.0,0.0,72.87,23.41,16.2
29.81453,-95.38769,1.66,979.51,2221.38,19.0,0.0,73.17,21.92,16.4
29.81453,-95.38769,1.66,979.51,2221.38,19.0,0.0,72.2,25.99,4.9
29.81453,-95.38769,1.66,979.51,2221.38,19.0,0.0,70.52,22.59,12.0
29.81453,-95.38769,1.66,979.51,2221.38,19.0,0.0,87.83,18.94,14.4
29.81453,-95.38769,1.66,979.51,2221.38,19.0,0.0,89.85,18.14,7.5
29.81453,-95.38769,1.66,979.51,2221.38,19.0,0.0,47.42,28.37,9.6
29.81453,-95.38769,1.66,979.51,2221.38,19.0,0.0,41.16,30.34,4.0
29.81453,-95.38769,1.66,979.51,2221.38,19.0,0.0,37.79,31.02,10.6
29.81453,-95.38769,1.66,979.51,2221.38,19.0,0.0,42.8,29.96,5.0
36.1767,-86.7386,21.83,1532.38,1610.75,156.0,0.0,66.99,21.48,5.5
36.1767,-86.7386,21.83,1532.38,1610.75,156.0,0.0,70.74,19.35,5.6
36.1767,-86.7386,21.83,1532.38,1610.75,156.0,0.0,76.28,18.03,8.6
36.1767,-86.7386,21.83,1532.38,1610.75,156.0,0.0,87.94,16.06,8.4
36.1767,-86.7386,21.83,1532.38,1610.75,156.0,0.0,80.67,17.06,8.6
36.1767,-86.7386,21.83,1532.38,1610.75,156.0,0.0,92.38,15.74,7.7
36.1767,-86.7386,21.83,1532.38,1610.75,156.0,0.0,61.53,22.08,7.2
36.1767,-86.7386,21.83,1532.38,1610.75,156.0,0.0,93.46,15.44,8.2
36.1767,-86.7386,21.83,1532.38,1610.75,156.0,0.0,41.49,27.14,5.6
36.1767,-86.7386,21.83,1532.38,1610.75,156.0,0.0,36.35,28.85,4.8
36.1767,-86.7386,21.83,1532.38,1610.75,156.0,0.0,35.8,29.09,4.7
36.1767,-86.7386,21.83,1532.38,1610.75,156.0,0.0,48.5,26.87,5.1
33.483799,-112.142601,22.09,728.87,4713.02,336.0,0.27,37.6,30.05,15.5
33.483799,-112.142601,22.09,728.87,4713.02,336.0,0.63,51.91,27.04,5.3
33.483799,-112.142601,22.09,728.87,4713.02,336.0,0.43,59.96,25.25,4.2
33.483799,-112.142601,22.09,728.87,4713.02,336.0,0.56,66.69,23.91,4.6
33.483799,-112.142601,22.09,728.87,4713.02,336.0,0.26,72.77,21.98,8.4
33.483799,-112.142601,22.09,728.87,4713.02,336.0,0.33,70.89,22.78,6.0
33.483799,-112.142601,22.09,728.87,4713.02,336.0,0.08,71.07,21.52,9.4
33.483799,-112.142601,22.09,728.87,4713.02,336.0,0.03,65.73,22.37,5.9
33.483799,-112.142601,22.09,728.87,4713.02,336.0,0.0,47.51,26.64,7.4
33.483799,-112.142601,22.09,728.87,4713.02,336.0,0.11,32.2,32.1,5.6
33.483799,-112.142601,22.09,728.87,4713.02,336.0,0.0,35.77,30.36,8.4
33.483799,-112.142601,22.09,728.87,4713.02,336.0,0.04,32.43,31.48,3.7
46.8214,-71.2208,2.54,291.15,6830.11,6.0,0.0,79.19,12.36,10.1
46.8214,-71.2208,2.54,291.15,6830.11,6.0,0.01,87.59,11.34,7.8
46.8214,-71.2208,2.54,291.15,6830.11,6.0,0.0,78.5,12.06,13.8
46.8214,-71.2208,2.54,291.15,6830.11,6.0,0.0,85.29,11.51,16.1
46.8214,-71.2208,2.54,291.15,6830.11,6.0,0.0,92.85,11.12,5.8
46.8214,-71.2208,2.54,291.15,6830.11,6.0,0.0,95.11,11.51,8.7
46.8214,-71.2208,2.54,291.15,6830.11,6.0,0.01,92.96,12.73,5.9
46.8214,-71.2208,2.54,291.15,6830.11,6.0,0.05,93.88,15.16,13.0
46.8214,-71.2208,2.54,291.15,6830.11,6.0,0.05,76.71,17.73,7.8
46.8214,-71.2208,2.54,291.15,6830.11,6.0,0.01,55.62,20.34,4.6
46.8214,-71.2208,2.54,291.15,6830.11,6.0,0.0,53.19,19.68,4.2
41.6833,-71.169701,20.89,1482.92,2420.6,54.0,0.0,90.03,19.45,5.9
46.8214,-71.2208,2.54,291.15,6830.11,6.0,0.0,65.01,16.65,4.7
41.6833,-71.169701,20.89,1482.92,2420.6,54.0,0.0,98.82,18.75,6.3
41.6833,-71.169701,20.89,1482.92,2420.6,54.0,0.0,97.02,18.81,5.7
41.6833,-71.169701,20.89,1482.92,2420.6,54.0,0.51,95.16,18.77,5.4
41.6833,-71.169701,20.89,1482.92,2420.6,54.0,0.03,98.99,18.94,4.7
41.6833,-71.169701,20.89,1482.92,2420.6,54.0,0.01,97.77,18.6,5.1
41.6833,-71.169701,20.89,1482.92,2420.6,54.0,0.0,92.83,18.71,4.7
41.6833,-71.169701,20.89,1482.92,2420.6,54.0,0.0,64.94,22.03,3.9
41.6833,-71.169701,20.89,1482.92,2420.6,54.0,0.0,53.68,24.77,4.9
41.6833,-71.169701,20.89,1482.92,2420.6,54.0,0.0,54.77,26.28,3.5
41.6833,-71.169701,20.89,1482.92,2420.6,54.0,0.0,57.96,26.71,3.3
41.6833,-71.169701,20.89,1482.92,2420.6,54.0,0.0,70.32,23.37,4.4
39.166,-120.1488,32.72,0.0,187.92,1924.0,0.03,35.9,20.99,4.0
39.166,-120.1488,32.72,0.0,187.92,1924.0,0.16,51.18,16.73,4.0
39.166,-120.1488,32.72,0.0,187.92,1924.0,0.1,64.89,14.51,4.0
39.166,-120.1488,32.72,0.0,187.92,1924.0,0.09,69.69,14.08,8.0
39.166,-120.1488,32.72,0.0,187.92,1924.0,0.01,81.17,12.04,6.0
39.166,-120.1488,32.72,0.0,187.92,1924.0,0.0,83.17,10.91,8.0
39.166,-120.1488,32.72,0.0,187.92,1924.0,0.0,78.17,10.46,10.0
39.166,-120.1488,32.72,0.0,187.92,1924.0,0.0,56.01,15.0,9.0
39.166,-120.1488,32.72,0.0,187.92,1924.0,0.0,75.78,10.77,6.0
39.166,-120.1488,32.72,0.0,187.92,1924.0,0.0,41.57,18.12,1.0
39.166,-120.1488,32.72,0.0,187.92,1924.0,0.0,35.48,19.7,9.0
39.166,-120.1488,32.72,0.0,187.92,1924.0,0.08,38.19,19.56,7.0
43.9947,-92.4497,1.66,412.39,1867.76,315.0,0.0,60.54,16.54,5.1
43.9947,-92.4497,1.66,412.39,1867.76,315.0,0.0,62.01,14.38,14.5
43.9947,-92.4497,1.66,412.39,1867.76,315.0,0.0,53.74,14.63,18.5
43.9947,-92.4497,1.66,412.39,1867.76,315.0,0.0,58.0,13.21,14.4
43.9947,-92.4497,1.66,412.39,1867.76,315.0,0.0,50.88,14.25,10.4
43.9947,-92.4497,1.66,412.39,1867.76,315.0,0.0,57.93,12.32,8.1
43.9947,-92.4497,1.66,412.39,1867.76,315.0,0.0,61.11,11.36,7.5
43.9947,-92.4497,1.66,412.39,1867.76,315.0,0.0,56.13,15.4,6.2
43.9947,-92.4497,1.66,412.39,1867.76,315.0,0.0,36.66,24.24,3.5
43.9947,-92.4497,1.66,412.39,1867.76,315.0,0.0,40.57,20.67,3.5
43.9947,-92.4497,1.66,412.39,1867.76,315.0,0.0,35.93,23.15,3.6
44.890197,-116.1065,33.27,12000.0,3.37,1518.0,0.0,34.27,18.11,37.9
43.9947,-92.4497,1.66,412.39,1867.76,315.0,0.0,49.11,22.85,5.4
44.890197,-116.1065,33.27,12000.0,3.37,1518.0,0.0,36.58,13.79,44.3
44.890197,-116.1065,33.27,12000.0,3.37,1518.0,0.0,44.01,11.32,35.4
44.890197,-116.1065,33.27,12000.0,3.37,1518.0,0.0,35.35,15.58,38.9
44.890197,-116.1065,33.27,12000.0,3.37,1518.0,0.0,43.52,11.04,33.0
44.890197,-116.1065,33.27,12000.0,3.37,1518.0,0.0,41.7,10.77,20.8
44.890197,-116.1065,33.27,12000.0,3.37,1518.0,0.0,41.72,10.66,17.7
44.890197,-116.1065,33.27,12000.0,3.37,1518.0,0.0,40.75,10.45,18.9
44.890197,-116.1065,33.27,12000.0,3.37,1518.0,0.0,39.47,16.87,12.9
44.890197,-116.1065,33.27,12000.0,3.37,1518.0,0.0,23.23,23.43,9.6
44.890197,-116.1065,33.27,12000.0,3.37,1518.0,0.0,25.31,21.68,19.2
44.890197,-116.1065,33.27,12000.0,3.37,1518.0,0.0,23.67,22.89,5.1
38.065,-84.5,18.01,423.83,2038.15,302.0,0.0,75.29,19.93,8.8
38.065,-84.5,18.01,423.83,2038.15,302.0,0.0,76.85,21.48,6.0
38.065,-84.5,18.01,423.83,2038.15,302.0,0.0,84.05,17.68,19.4
38.065,-84.5,18.01,423.83,2038.15,302.0,0.0,80.95,17.43,33.4
38.065,-84.5,18.01,423.83,2038.15,302.0,0.0,81.12,16.74,11.4
38.065,-84.5,18.01,423.83,2038.15,302.0,0.0,86.44,15.8,11.7
38.065,-84.5,18.01,423.83,2038.15,302.0,0.0,83.4,15.7,11.4
38.065,-84.5,18.01,423.83,2038.15,302.0,0.0,61.22,21.49,6.5
38.065,-84.5,18.01,423.83,2038.15,302.0,0.0,45.42,26.32,6.0
38.065,-84.5,18.01,423.83,2038.15,302.0,0.0,42.87,27.63,7.2
38.065,-84.5,18.01,423.83,2038.15,302.0,0.0,44.64,27.39,7.5
38.065,-84.5,18.01,423.83,2038.15,302.0,0.0,63.54,24.83,7.2
42.692131,-90.696373,149.91,10087.18,212.71,299.0,0.0,70.46,21.41,14.0
42.692131,-90.696373,149.91,10087.18,212.71,299.0,0.0,67.22,19.09,11.0
42.692131,-90.696373,149.91,10087.18,212.71,299.0,0.0,78.41,15.16,6.0
42.692131,-90.696373,149.91,10087.18,212.71,299.0,0.0,76.97,16.99,8.0
42.692131,-90.696373,149.91,10087.18,212.71,299.0,0.0,72.48,12.24,5.0
42.692131,-90.696373,149.91,10087.18,212.71,299.0,0.0,71.5,13.47,5.0
42.692131,-90.696373,149.91,10087.18,212.71,299.0,0.0,74.8,11.62,4.0
42.692131,-90.696373,149.91,10087.18,212.71,299.0,0.0,55.99,17.03,4.0
42.692131,-90.696373,149.91,10087.18,212.71,299.0,0.0,41.77,22.83,6.0
42.692131,-90.696373,149.91,10087.18,212.71,299.0,0.0,43.45,25.75,7.0
42.692131,-90.696373,149.91,10087.18,212.71,299.0,0.0,46.38,26.83,8.0
42.692131,-90.696373,149.91,10087.18,212.71,299.0,0.0,57.58,25.35,9.0
41.6708,-87.7325,3.57,0.0,1497.8,186.0,0.0,66.22,19.96,13.3
41.6708,-87.7325,3.57,0.0,1497.8,186.0,0.0,68.06,18.43,13.7
41.6708,-87.7325,3.57,0.0,1497.8,186.0,0.0,74.73,16.8,14.5
41.6708,-87.7325,3.57,0.0,1497.8,186.0,0.0,64.0,22.18,9.8
41.6708,-87.7325,3.57,0.0,1497.8,186.0,0.0,93.08,15.85,13.0
41.6708,-87.7325,3.57,0.0,1497.8,186.0,0.0,69.73,21.35,8.4
41.6708,-87.7325,3.57,0.0,1497.8,186.0,0.04,100.0,18.01,14.1
41.6708,-87.7325,3.57,0.0,1497.8,186.0,0.05,100.0,16.18,13.6
41.6708,-87.7325,3.57,0.0,1497.8,186.0,0.0,46.67,25.15,8.5
41.6708,-87.7325,3.57,0.0,1497.8,186.0,0.0,40.62,26.53,9.3
41.6708,-87.7325,3.57,0.0,1497.8,186.0,0.0,40.39,26.77,9.4
41.6708,-87.7325,3.57,0.0,1497.8,186.0,0.0,43.56,23.67,6.6
44.104498,-115.972386,70.73,12000.0,19.68,939.0,0.0,22.87,19.19,11.0
44.104498,-115.972386,70.73,12000.0,19.68,939.0,0.0,22.82,22.25,10.0
44.104498,-115.972386,70.73,12000.0,19.68,939.0,0.0,24.05,17.7,11.0
44.104498,-115.972386,70.73,12000.0,19.68,939.0,0.0,28.75,14.96,8.0
44.104498,-115.972386,70.73,12000.0,19.68,939.0,0.0,32.23,13.43,8.0
44.104498,-115.972386,70.73,12000.0,19.68,939.0,0.0,35.01,12.84,8.0
44.104498,-115.972386,70.73,12000.0,19.68,939.0,0.0,37.94,12.25,8.0
44.104498,-115.972386,70.73,12000.0,19.68,939.0,0.0,40.22,12.2,8.0
44.104498,-115.972386,70.73,12000.0,19.68,939.0,0.0,29.44,18.57,11.0
44.104498,-115.972386,70.73,12000.0,19.68,939.0,0.0,20.52,24.43,11.0
44.104498,-115.972386,70.73,12000.0,19.68,939.0,0.0,18.38,26.42,5.0
44.104498,-115.972386,70.73,12000.0,19.68,939.0,0.0,17.89,26.63,9.0
31.7467,-106.402802,29.36,1012.52,2621.05,1124.0,0.05,39.84,25.6,1.0
31.7467,-106.402802,29.36,1012.52,2621.05,1124.0,0.06,45.34,23.11,4.0
31.7467,-106.402802,29.36,1012.52,2621.05,1124.0,0.0,51.73,22.42,3.0
31.7467,-106.402802,29.36,1012.52,2621.05,1124.0,0.18,66.44,19.72,2.0
31.7467,-106.402802,29.36,1012.52,2621.05,1124.0,0.21,54.16,22.44,2.0
31.7467,-106.402802,29.36,1012.52,2621.05,1124.0,0.0,44.76,25.76,4.0
31.7467,-106.402802,29.36,1012.52,2621.05,1124.0,0.13,36.86,28.88,7.0
49.36972,-121.49944,48.02,1680.71,66.64,36.0,0.0,75.11,11.89,3.8
49.36972,-121.49944,48.02,1680.71,66.64,36.0,0.04,65.87,13.39,3.9
49.36972,-121.49944,48.02,1680.71,66.64,36.0,0.01,76.66,11.54,4.1
49.36972,-121.49944,48.02,1680.71,66.64,36.0,0.0,82.34,11.13,3.5
49.36972,-121.49944,48.02,1680.71,66.64,36.0,0.0,82.18,10.57,1.0
49.36972,-121.49944,48.02,1680.71,66.64,36.0,0.0,84.24,10.01,1.2
49.36972,-121.49944,48.02,1680.71,66.64,36.0,0.0,86.44,9.73,1.2
49.36972,-121.49944,48.02,1680.71,66.64,36.0,0.0,91.54,9.13,1.9
49.36972,-121.49944,48.02,1680.71,66.64,36.0,0.0,85.29,12.45,2.0
33.4997,-86.9242,17.57,602.99,338.3,193.0,0.0,78.77,22.14,4.2
49.36972,-121.49944,48.02,1680.71,66.64,36.0,0.0,55.66,17.72,2.7
49.36972,-121.49944,48.02,1680.71,66.64,36.0,0.0,53.09,18.45,4.0
49.36972,-121.49944,48.02,1680.71,66.64,36.0,0.0,58.65,17.35,2.9
33.4997,-86.9242,17.57,602.99,338.3,193.0,0.0,72.95,23.73,3.7
33.4997,-86.9242,17.57,602.99,338.3,193.0,0.0,83.56,21.02,4.9
33.4997,-86.9242,17.57,602.99,338.3,193.0,0.0,97.02,18.87,5.3
33.4997,-86.9242,17.57,602.99,338.3,193.0,0.0,95.13,18.83,5.3
33.4997,-86.9242,17.57,602.99,338.3,193.0,0.0,89.21,19.95,5.1
33.4997,-86.9242,17.57,602.99,338.3,193.0,0.0,100.0,18.27,5.5
33.4997,-86.9242,17.57,602.99,338.3,193.0,0.0,63.2,24.55,4.0
33.4997,-86.9242,17.57,602.99,338.3,193.0,0.0,46.58,28.49,4.2
33.4997,-86.9242,17.57,602.99,338.3,193.0,0.0,38.93,30.71,3.6
33.4997,-86.9242,17.57,602.99,338.3,193.0,0.0,40.71,30.36,4.4
33.4997,-86.9242,17.57,602.99,338.3,193.0,0.0,47.61,28.94,3.7
45.1425,-93.2139,133.84,887.15,0.0,275.0,0.0,49.12,17.25,1.9
45.1425,-93.2139,133.84,887.15,0.0,275.0,0.0,55.28,15.29,3.4
45.1425,-93.2139,133.84,887.15,0.0,275.0,0.0,44.91,15.86,15.8
45.1425,-93.2139,133.84,887.15,0.0,275.0,0.0,51.5,15.13,16.9
45.1425,-93.2139,133.84,887.15,0.0,275.0,0.0,49.74,14.12,12.8
45.1425,-93.2139,133.84,887.15,0.0,275.0,0.0,67.09,10.79,10.9
45.1425,-93.2139,133.84,887.15,0.0,275.0,0.0,74.1,10.24,6.4
45.1425,-93.2139,133.84,887.15,0.0,275.0,0.0,38.33,20.47,2.9
45.1425,-93.2139,133.84,887.15,0.0,275.0,0.0,57.58,14.95,3.5
45.1425,-93.2139,133.84,887.15,0.0,275.0,0.0,32.35,23.2,1.6
45.1425,-93.2139,133.84,887.15,0.0,275.0,0.0,31.68,24.39,1.3
45.1425,-93.2139,133.84,887.15,0.0,275.0,0.0,40.01,23.29,1.4
42.2211,-88.2411,35.94,1529.59,1006.43,262.0,0.0,47.72,21.45,14.5
42.2211,-88.2411,35.94,1529.59,1006.43,262.0,0.0,46.15,23.36,11.3
42.2211,-88.2411,35.94,1529.59,1006.43,262.0,0.0,58.23,19.69,11.2
42.2211,-88.2411,35.94,1529.59,1006.43,262.0,0.0,83.49,18.39,12.0
42.2211,-88.2411,35.94,1529.59,1006.43,262.0,0.0,78.45,17.21,11.6
42.2211,-88.2411,35.94,1529.59,1006.43,262.0,0.0,86.99,16.23,11.7
42.2211,-88.2411,35.94,1529.59,1006.43,262.0,0.0,52.55,21.33,6.2
42.2211,-88.2411,35.94,1529.59,1006.43,262.0,0.0,84.03,16.42,10.0
42.2211,-88.2411,35.94,1529.59,1006.43,262.0,0.0,38.5,25.08,5.5
42.2211,-88.2411,35.94,1529.59,1006.43,262.0,0.0,37.18,27.27,6.1
44.6306,-121.131599,26.43,1640.08,1302.15,689.0,0.0,20.41,28.0,9.0
42.2211,-88.2411,35.94,1529.59,1006.43,262.0,0.0,40.73,24.61,7.1
42.2211,-88.2411,35.94,1529.59,1006.43,262.0,0.0,38.21,27.92,8.1
44.6306,-121.131599,26.43,1640.08,1302.15,689.0,0.0,36.0,22.09,7.0
44.6306,-121.131599,26.43,1640.08,1302.15,689.0,0.0,48.86,18.65,8.0
44.6306,-121.131599,26.43,1640.08,1302.15,689.0,0.0,56.97,16.39,9.0
44.6306,-121.131599,26.43,1640.08,1302.15,689.0,0.0,49.1,16.12,12.0
44.6306,-121.131599,26.43,1640.08,1302.15,689.0,0.0,51.1,16.36,10.0
44.6306,-121.131599,26.43,1640.08,1302.15,689.0,0.0,55.31,13.67,15.0
44.6306,-121.131599,26.43,1640.08,1302.15,689.0,0.0,50.42,15.29,14.0
44.6306,-121.131599,26.43,1640.08,1302.15,689.0,0.0,25.31,23.9,15.0
44.6306,-121.131599,26.43,1640.08,1302.15,689.0,0.0,43.64,17.21,14.0
44.6306,-121.131599,26.43,1640.08,1302.15,689.0,0.0,19.72,27.53,21.0
44.6306,-121.131599,26.43,1640.08,1302.15,689.0,0.0,19.39,28.64,26.0
44.9594,-93.0356,35.61,1536.26,1716.99,278.0,0.0,57.91,15.48,41.0
44.9594,-93.0356,35.61,1536.26,1716.99,278.0,0.0,61.66,16.66,7.7
44.9594,-93.0356,35.61,1536.26,1716.99,278.0,0.0,53.21,15.32,45.8
44.9594,-93.0356,35.61,1536.26,1716.99,278.0,0.0,44.03,16.26,23.0
44.9594,-93.0356,35.61,1536.26,1716.99,278.0,0.0,56.27,13.54,17.0
44.9594,-93.0356,35.61,1536.26,1716.99,278.0,0.0,70.03,10.9,12.2
44.9594,-93.0356,35.61,1536.26,1716.99,278.0,0.0,70.21,10.81,9.7
44.9594,-93.0356,35.61,1536.26,1716.99,278.0,0.0,57.95,14.42,7.2
44.9594,-93.0356,35.61,1536.26,1716.99,278.0,0.0,38.98,20.44,4.7
44.9594,-93.0356,35.61,1536.26,1716.99,278.0,0.0,31.07,23.6,3.0
44.9594,-93.0356,35.61,1536.26,1716.99,278.0,0.0,40.71,23.32,3.5
44.9594,-93.0356,35.61,1536.26,1716.99,278.0,0.0,30.44,24.66,3.0
41.0604,-81.9239,8.16,5259.58,32.26,318.0,0.0,69.68,19.69,7.1
41.0604,-81.9239,8.16,5259.58,32.26,318.0,0.0,53.88,23.11,5.3
41.0604,-81.9239,8.16,5259.58,32.26,318.0,0.0,86.02,16.59,9.5
41.0604,-81.9239,8.16,5259.58,32.26,318.0,0.0,85.7,15.35,9.4
41.0604,-81.9239,8.16,5259.58,32.26,318.0,0.0,83.11,14.9,7.6
41.0604,-81.9239,8.16,5259.58,32.26,318.0,0.0,85.95,15.69,7.3
41.0604,-81.9239,8.16,5259.58,32.26,318.0,0.0,86.49,14.55,8.8
41.0604,-81.9239,8.16,5259.58,32.26,318.0,0.0,40.11,26.38,8.9
41.0604,-81.9239,8.16,5259.58,32.26,318.0,0.0,36.27,27.89,8.9
41.0604,-81.9239,8.16,5259.58,32.26,318.0,0.0,59.01,21.77,9.6
41.0604,-81.9239,8.16,5259.58,32.26,318.0,0.0,57.35,24.13,10.4
41.0604,-81.9239,8.16,5259.58,32.26,318.0,0.0,38.39,27.63,9.9
30.4758,-81.5869,76.74,2603.93,370.44,12.0,0.05,92.45,24.25,10.4
30.4758,-81.5869,76.74,2603.93,370.44,12.0,0.02,85.58,25.15,4.5
30.4758,-81.5869,76.74,2603.93,370.44,12.0,0.18,93.35,23.77,6.9
30.4758,-81.5869,76.74,2603.93,370.44,12.0,0.01,83.43,25.4,8.3
30.4758,-81.5869,76.74,2603.93,370.44,12.0,0.4,97.25,22.56,9.7
30.4758,-81.5869,76.74,2603.93,370.44,12.0,0.0,94.53,23.19,18.4
30.4758,-81.5869,76.74,2603.93,370.44,12.0,0.16,98.24,22.5,8.5
30.4758,-81.5869,76.74,2603.93,370.44,12.0,0.8,66.72,28.89,3.8
30.4758,-81.5869,76.74,2603.93,370.44,12.0,0.33,72.16,27.99,6.5
30.4758,-81.5869,76.74,2603.93,370.44,12.0,0.78,77.17,26.65,7.8
30.4758,-81.5869,76.74,2603.93,370.44,12.0,0.01,84.82,25.56,7.0
28.958372,-82.643094,97.8,756.51,0.0,3.0,0.09,87.53,25.75,3.9
28.958372,-82.643094,97.8,756.51,0.0,3.0,0.08,86.57,25.46,5.2
28.958372,-82.643094,97.8,756.51,0.0,3.0,0.07,90.23,24.55,4.3
28.958372,-82.643094,97.8,756.51,0.0,3.0,0.12,96.08,23.27,5.0
28.958372,-82.643094,97.8,756.51,0.0,3.0,0.1,99.06,22.58,4.7
28.958372,-82.643094,97.8,756.51,0.0,3.0,0.0,100.0,22.09,7.9
28.958372,-82.643094,97.8,756.51,0.0,3.0,0.0,71.7,28.09,7.8
28.958372,-82.643094,97.8,756.51,0.0,3.0,0.0,97.48,23.08,14.3
28.958372,-82.643094,97.8,756.51,0.0,3.0,0.03,57.47,31.3,5.0
28.958372,-82.643094,97.8,756.51,0.0,3.0,0.0,54.09,32.49,3.8
28.958372,-82.643094,97.8,756.51,0.0,3.0,0.69,57.87,31.78,4.9
28.958372,-82.643094,97.8,756.51,0.0,3.0,1.88,76.5,27.72,7.9
35.151588,-89.85022,72.02,1342.64,3804.26,86.0,0.0,63.66,22.35,5.8
35.151588,-89.85022,72.02,1342.64,3804.26,86.0,0.0,59.93,21.78,8.3
35.151588,-89.85022,72.02,1342.64,3804.26,86.0,0.0,61.96,20.88,23.8
35.151588,-89.85022,72.02,1342.64,3804.26,86.0,0.0,70.38,18.92,15.8
35.151588,-89.85022,72.02,1342.64,3804.26,86.0,0.0,77.74,17.25,12.0
35.151588,-89.85022,72.02,1342.64,3804.26,86.0,0.0,78.95,16.65,13.2
35.151588,-89.85022,72.02,1342.64,3804.26,86.0,0.0,79.91,16.47,10.1
35.151588,-89.85022,72.02,1342.64,3804.26,86.0,0.0,56.16,22.61,7.8
35.151588,-89.85022,72.02,1342.64,3804.26,86.0,0.0,35.23,29.39,5.7
35.151588,-89.85022,72.02,1342.64,3804.26,86.0,0.0,34.16,29.9,5.8
35.151588,-89.85022,72.02,1342.64,3804.26,86.0,0.0,40.12,27.67,5.7
35.151588,-89.85022,72.02,1342.64,3804.26,86.0,0.0,41.84,28.33,5.8
42.3042,-83.1072,11.42,0.0,521.05,180.0,0.0,77.54,20.06,10.9
42.3042,-83.1072,11.42,0.0,521.05,180.0,0.0,78.51,17.52,13.7
42.3042,-83.1072,11.42,0.0,521.05,180.0,0.0,76.24,18.92,16.0
42.3042,-83.1072,11.42,0.0,521.05,180.0,0.0,75.69,16.58,15.4
42.3042,-83.1072,11.42,0.0,521.05,180.0,0.0,80.42,15.54,14.7
42.3042,-83.1072,11.42,0.0,521.05,180.0,0.0,84.58,15.64,13.5
42.3042,-83.1072,11.42,0.0,521.05,180.0,0.0,73.81,20.2,8.9
42.3042,-83.1072,11.42,0.0,521.05,180.0,0.0,64.19,23.88,8.1
42.3042,-83.1072,11.42,0.0,521.05,180.0,0.01,57.04,25.95,8.2
42.3042,-83.1072,11.42,0.0,521.05,180.0,0.01,56.16,25.75,7.5
42.3042,-83.1072,11.42,0.0,521.05,180.0,0.0,59.39,23.43,6.2
39.41,-76.2967,25.0,1049.87,288.51,27.0,0.78,93.98,20.18,4.0
39.41,-76.2967,25.0,1049.87,288.51,27.0,0.85,97.92,19.92,5.0
39.41,-76.2967,25.0,1049.87,288.51,27.0,1.16,98.07,19.66,4.0
39.41,-76.2967,25.0,1049.87,288.51,27.0,1.31,97.59,19.32,3.0
39.41,-76.2967,25.0,1049.87,288.51,27.0,0.0,96.67,18.09,3.0
39.41,-76.2967,25.0,1049.87,288.51,27.0,0.04,97.69,18.54,3.0
39.41,-76.2967,25.0,1049.87,288.51,27.0,0.0,67.37,23.17,3.0
39.41,-76.2967,25.0,1049.87,288.51,27.0,0.0,95.1,18.99,6.0
39.41,-76.2967,25.0,1049.87,288.51,27.0,0.0,51.98,26.31,2.0
39.41,-76.2967,25.0,1049.87,288.51,27.0,0.0,46.79,27.69,2.0
39.41,-76.2967,25.0,1049.87,288.51,27.0,0.0,47.2,27.7,1.0
39.41,-76.2967,25.0,1049.87,288.51,27.0,0.0,55.32,26.36,2.0
42.607817,-113.786817,12.37,126.61,627.59,1263.0,0.0,17.74,26.5,9.5
42.607817,-113.786817,12.37,126.61,627.59,1263.0,0.0,24.72,21.85,8.3
42.607817,-113.786817,12.37,126.61,627.59,1263.0,0.0,28.8,19.02,8.3
42.607817,-113.786817,12.37,126.61,627.59,1263.0,0.0,32.55,17.56,12.0
42.607817,-113.786817,12.37,126.61,627.59,1263.0,0.0,34.12,17.47,7.0
42.607817,-113.786817,12.37,126.61,627.59,1263.0,0.0,34.03,17.93,8.9
42.607817,-113.786817,12.37,126.61,627.59,1263.0,0.0,37.25,17.03,8.9
42.607817,-113.786817,12.37,126.61,627.59,1263.0,0.0,40.65,17.57,8.9
42.607817,-113.786817,12.37,126.61,627.59,1263.0,0.0,29.34,23.69,7.7
42.607817,-113.786817,12.37,126.61,627.59,1263.0,0.0,21.6,27.93,7.7
42.607817,-113.786817,12.37,126.61,627.59,1263.0,0.06,20.39,29.02,17.0
42.607817,-113.786817,12.37,126.61,627.59,1263.0,0.01,25.45,26.69,7.7
40.800717,-81.373,5.08,1204.81,1440.17,323.0,0.0,74.59,19.3,9.6
40.800717,-81.373,5.08,1204.81,1440.17,323.0,0.0,82.92,17.55,16.0
40.800717,-81.373,5.08,1204.81,1440.17,323.0,0.0,89.87,16.12,24.7
40.800717,-81.373,5.08,1204.81,1440.17,323.0,0.0,94.83,15.39,18.7
40.800717,-81.373,5.08,1204.81,1440.17,323.0,0.0,97.38,14.81,15.1
40.800717,-81.373,5.08,1204.81,1440.17,323.0,0.0,100.0,13.93,11.7
40.800717,-81.373,5.08,1204.81,1440.17,323.0,0.0,90.6,15.31,11.6
40.800717,-81.373,5.08,1204.81,1440.17,323.0,0.0,63.95,21.16,8.9
40.800717,-81.373,5.08,1204.81,1440.17,323.0,0.0,39.64,26.71,9.7
40.800717,-81.373,5.08,1204.81,1440.17,323.0,0.0,38.9,27.75,9.2
40.800717,-81.373,5.08,1204.81,1440.17,323.0,0.0,36.11,28.06,9.0
40.800717,-81.373,5.08,1204.81,1440.17,323.0,0.0,64.2,25.03,9.7
43.07378,-89.43595,6.24,0.0,2519.58,267.0,0.0,60.9,23.1,10.0
43.07378,-89.43595,6.24,0.0,2519.58,267.0,0.0,70.07,20.84,12.0
43.07378,-89.43595,6.24,0.0,2519.58,267.0,0.0,68.28,19.0,7.0
43.07378,-89.43595,6.24,0.0,2519.58,267.0,0.0,61.15,14.94,4.0
43.07378,-89.43595,6.24,0.0,2519.58,267.0,0.0,57.32,16.95,4.0
43.07378,-89.43595,6.24,0.0,2519.58,267.0,0.0,67.62,13.46,4.0
43.07378,-89.43595,6.24,0.0,2519.58,267.0,0.0,70.97,12.94,4.0
43.07378,-89.43595,6.24,0.0,2519.58,267.0,0.0,57.01,17.25,6.0
43.07378,-89.43595,6.24,0.0,2519.58,267.0,0.0,34.15,23.08,4.0
43.07378,-89.43595,6.24,0.0,2519.58,267.0,0.0,30.6,25.73,5.0
43.07378,-89.43595,6.24,0.0,2519.58,267.0,0.0,31.13,26.63,5.0
43.07378,-89.43595,6.24,0.0,2519.58,267.0,0.0,39.08,25.09,8.0
36.1994,-120.0991,15.95,149.95,1128.27,109.0,0.0,33.73,31.35,6.0
36.1994,-120.0991,15.95,149.95,1128.27,109.0,0.0,47.87,26.56,7.0
36.1994,-120.0991,15.95,149.95,1128.27,109.0,0.0,57.05,24.39,3.0
36.1994,-120.0991,15.95,149.95,1128.27,109.0,0.0,62.34,23.02,5.0
36.1994,-120.0991,15.95,149.95,1128.27,109.0,0.0,68.11,21.64,6.0
36.1994,-120.0991,15.95,149.95,1128.27,109.0,0.0,76.94,19.49,2.0
36.1994,-120.0991,15.95,149.95,1128.27,109.0,0.0,73.86,20.46,5.0
36.1994,-120.0991,15.95,149.95,1128.27,109.0,0.0,75.95,19.76,2.0
36.1994,-120.0991,15.95,149.95,1128.27,109.0,0.0,47.44,27.16,2.0
36.1994,-120.0991,15.95,149.95,1128.27,109.0,0.0,62.0,22.83,8.0
36.1994,-120.0991,15.95,149.95,1128.27,109.0,0.0,38.09,30.61,5.0
36.1994,-120.0991,15.95,149.95,1128.27,109.0,0.0,34.86,32.08,5.0
35.705338,-88.81959,18.33,1470.11,587.09,134.0,0.0,68.06,21.86,8.2
35.705338,-88.81959,18.33,1470.11,587.09,134.0,0.0,71.34,19.63,10.1
35.705338,-88.81959,18.33,1470.11,587.09,134.0,0.0,72.94,18.48,13.3
35.705338,-88.81959,18.33,1470.11,587.09,134.0,0.0,74.05,17.81,3.9
35.705338,-88.81959,18.33,1470.11,587.09,134.0,0.0,77.01,17.29,8.9
35.705338,-88.81959,18.33,1470.11,587.09,134.0,0.0,79.55,17.11,9.7
35.705338,-88.81959,18.33,1470.11,587.09,134.0,0.0,84.6,16.18,2.9
35.705338,-88.81959,18.33,1470.11,587.09,134.0,0.0,54.21,22.39,11.1
35.705338,-88.81959,18.33,1470.11,587.09,134.0,0.0,40.19,26.84,5.4
35.705338,-88.81959,18.33,1470.11,587.09,134.0,0.0,36.28,28.6,5.8
35.705338,-88.81959,18.33,1470.11,587.09,134.0,0.0,48.83,27.93,6.3
45.542767,-73.572039,12.82,264.59,8844.21,55.0,0.0,81.8,17.29,9.2
45.542767,-73.572039,12.82,264.59,8844.21,55.0,0.0,85.57,17.06,9.0
45.542767,-73.572039,12.82,264.59,8844.21,55.0,0.0,89.91,17.27,8.7
45.542767,-73.572039,12.82,264.59,8844.21,55.0,0.0,97.96,15.77,6.4
45.542767,-73.572039,12.82,264.59,8844.21,55.0,0.0,95.8,16.62,6.6
45.542767,-73.572039,12.82,264.59,8844.21,55.0,0.0,94.6,15.6,6.8
45.542767,-73.572039,12.82,264.59,8844.21,55.0,0.0,87.23,17.44,8.3
45.542767,-73.572039,12.82,264.59,8844.21,55.0,0.0,71.99,20.28,7.6
45.542767,-73.572039,12.82,264.59,8844.21,55.0,0.0,41.3,23.78,4.5
45.542767,-73.572039,12.82,264.59,8844.21,55.0,0.0,53.83,22.87,7.8
45.542767,-73.572039,12.82,264.59,8844.21,55.0,0.0,39.66,22.96,3.5
45.542767,-73.572039,12.82,264.59,8844.21,55.0,0.0,56.24,19.87,3.7
40.7955,-111.9309,2.88,504.98,2331.7,1286.0,0.0,41.46,18.07,3.2
40.7955,-111.9309,2.88,504.98,2331.7,1286.0,0.0,49.76,14.23,2.7
40.7955,-111.9309,2.88,504.98,2331.7,1286.0,0.0,57.08,12.63,1.7
40.7955,-111.9309,2.88,504.98,2331.7,1286.0,0.0,57.36,13.53,2.3
40.7955,-111.9309,2.88,504.98,2331.7,1286.0,0.0,39.18,20.08,3.2
40.7955,-111.9309,2.88,504.98,2331.7,1286.0,0.01,33.14,23.06,2.7
40.7955,-111.9309,2.88,504.98,2331.7,1286.0,0.01,28.56,24.53,2.2
40.7955,-111.9309,2.88,504.98,2331.7,1286.0,0.21,31.31,23.54,1.8
44.817398,-68.772762,53.68,2430.46,408.62,47.0,0.0,64.36,14.55,6.3
44.817398,-68.772762,53.68,2430.46,408.62,47.0,0.0,85.0,14.42,6.2
44.817398,-68.772762,53.68,2430.46,408.62,47.0,0.0,96.88,14.19,5.8
44.817398,-68.772762,53.68,2430.46,408.62,47.0,0.0,97.16,14.59,5.6
44.817398,-68.772762,53.68,2430.46,408.62,47.0,0.0,97.87,14.74,5.5
44.817398,-68.772762,53.68,2430.46,408.62,47.0,0.01,97.53,15.37,5.8
44.817398,-68.772762,53.68,2430.46,408.62,47.0,0.0,91.51,16.7,6.1
44.817398,-68.772762,53.68,2430.46,408.62,47.0,0.0,66.24,21.58,6.8
44.817398,-68.772762,53.68,2430.46,408.62,47.0,0.0,49.93,25.48,6.4
44.817398,-68.772762,53.68,2430.46,408.62,47.0,0.0,43.48,26.91,6.4
44.817398,-68.772762,53.68,2430.46,408.62,47.0,0.03,51.24,25.82,6.9
44.817398,-68.772762,53.68,2430.46,408.62,47.0,0.0,54.71,23.27,5.9
32.4975,-116.976944,34.09,509.5,8586.29,69.0,0.0,56.26,23.17,8.67
32.4975,-116.976944,34.09,509.5,8586.29,69.0,0.0,70.85,19.45,6.71
32.4975,-116.976944,34.09,509.5,8586.29,69.0,0.0,81.79,17.32,12.32
32.4975,-116.976944,34.09,509.5,8586.29,69.0,0.0,78.39,17.93,8.45
32.4975,-116.976944,34.09,509.5,8586.29,69.0,0.0,86.92,16.49,19.82
32.4975,-116.976944,34.09,509.5,8586.29,69.0,0.01,85.87,16.86,16.32
32.4975,-116.976944,34.09,509.5,8586.29,69.0,0.01,81.73,17.72,18.37
32.4975,-116.976944,34.09,509.5,8586.29,69.0,0.0,69.06,20.26,18.04
32.4975,-116.976944,34.09,509.5,8586.29,69.0,0.0,52.45,24.84,12.62
32.4975,-116.976944,34.09,509.5,8586.29,69.0,0.0,45.27,27.41,11.17
32.4975,-116.976944,34.09,509.5,8586.29,69.0,0.0,46.15,26.98,16.05
19.115858,-98.277487,6.7,1938.48,962.3,2207.0,4.17,83.14,17.43,35.93
19.115858,-98.277487,6.7,1938.48,962.3,2207.0,8.19,93.59,15.76,29.66
19.115858,-98.277487,6.7,1938.48,962.3,2207.0,5.25,96.03,15.39,29.42
19.115858,-98.277487,6.7,1938.48,962.3,2207.0,4.94,97.68,14.67,9.69
19.115858,-98.277487,6.7,1938.48,962.3,2207.0,4.4,95.88,14.34,3.89
19.115858,-98.277487,6.7,1938.48,962.3,2207.0,1.02,92.95,13.76,7.62
19.115858,-98.277487,6.7,1938.48,962.3,2207.0,0.0,93.33,13.16,2.72
19.115858,-98.277487,6.7,1938.48,962.3,2207.0,0.0,78.0,16.25,11.1
19.115858,-98.277487,6.7,1938.48,962.3,2207.0,0.0,61.59,20.56,20.3
19.115858,-98.277487,6.7,1938.48,962.3,2207.0,0.24,56.61,22.41,19.39
19.115858,-98.277487,6.7,1938.48,962.3,2207.0,0.19,57.52,22.66,0.88
43.457764,-110.797994,40.0,12000.0,19.47,1866.0,0.0,46.04,16.92,3.0
43.457764,-110.797994,40.0,12000.0,19.47,1866.0,0.0,39.45,15.13,1.4
19.115858,-98.277487,6.7,1938.48,962.3,2207.0,0.37,65.14,20.73,33.3
43.457764,-110.797994,40.0,12000.0,19.47,1866.0,0.0,41.29,13.63,3.8
43.457764,-110.797994,40.0,12000.0,19.47,1866.0,0.0,42.95,12.43,0.3
43.457764,-110.797994,40.0,12000.0,19.47,1866.0,0.0,45.4,11.03,3.1
43.457764,-110.797994,40.0,12000.0,19.47,1866.0,0.0,34.05,18.2,4.6
43.457764,-110.797994,40.0,12000.0,19.47,1866.0,0.0,51.56,12.01,3.0
43.457764,-110.797994,40.0,12000.0,19.47,1866.0,0.04,32.51,19.47,2.9
41.308825,-105.549137,6.93,3036.56,0.0,2216.0,0.05,28.24,20.57,0.7
52.832459,-119.269821,26.88,756.85,391.82,791.0,0.62,93.16,1.06,0.5
52.832459,-119.269821,26.88,756.85,391.82,791.0,0.45,94.96,0.76,0.2
52.832459,-119.269821,26.88,756.85,391.82,791.0,0.19,95.87,0.67,1.1
52.832459,-119.269821,26.88,756.85,391.82,791.0,0.1,96.17,0.63,6.8
52.832459,-119.269821,26.88,756.85,391.82,791.0,0.32,96.45,0.58,1.5
52.832459,-119.269821,26.88,756.85,391.82,791.0,0.33,96.27,0.52,0.6
52.832459,-119.269821,26.88,756.85,391.82,791.0,0.49,96.07,0.45,0.7
52.832459,-119.269821,26.88,756.85,391.82,791.0,0.22,96.11,0.48,0.9
52.832459,-119.269821,26.88,756.85,391.82,791.0,0.21,96.02,0.77,0.4
52.832459,-119.269821,26.88,756.85,391.82,791.0,0.02,90.58,2.15,0.2
52.832459,-119.269821,26.88,756.85,391.82,791.0,0.01,81.71,4.37,0.2
52.832459,-119.269821,26.88,756.85,391.82,791.0,0.0,74.25,7.29,0.8
45.143141,-122.854708,40.94,174.94,3602.54,57.0,0.0,37.15,21.91,4.2
45.143141,-122.854708,40.94,174.94,3602.54,57.0,0.0,76.02,14.75,5.6
45.143141,-122.854708,40.94,174.94,3602.54,57.0,0.0,100.0,11.17,4.5
45.143141,-122.854708,40.94,174.94,3602.54,57.0,0.0,87.42,11.9,3.3
45.143141,-122.854708,40.94,174.94,3602.54,57.0,0.0,70.56,14.89,3.2
45.143141,-122.854708,40.94,174.94,3602.54,57.0,0.0,64.47,17.61,5.1
45.143141,-122.854708,40.94,174.94,3602.54,57.0,0.0,41.09,22.11,1.6
38.3178,-85.8333,3.78,1223.68,802.36,141.0,0.0,62.5,22.16,7.3
45.143141,-122.854708,40.94,174.94,3602.54,57.0,0.0,48.36,20.82,2.0
38.3178,-85.8333,3.78,1223.68,802.36,141.0,0.0,49.12,22.85,16.7
38.3178,-85.8333,3.78,1223.68,802.36,141.0,0.0,73.08,17.35,9.2
38.3178,-85.8333,3.78,1223.68,802.36,141.0,0.0,71.74,16.72,13.4
38.3178,-85.8333,3.78,1223.68,802.36,141.0,0.0,78.39,15.02,11.1
38.3178,-85.8333,3.78,1223.68,802.36,141.0,0.0,80.8,15.36,12.9
38.3178,-85.8333,3.78,1223.68,802.36,141.0,0.0,61.64,20.95,7.2
38.3178,-85.8333,3.78,1223.68,802.36,141.0,0.0,43.74,26.62,11.7
38.3178,-85.8333,3.78,1223.68,802.36,141.0,0.0,40.54,28.45,3.6
38.3178,-85.8333,3.78,1223.68,802.36,141.0,0.0,41.05,28.76,4.9
38.3178,-85.8333,3.78,1223.68,802.36,141.0,0.0,57.6,26.9,12.1
39.478686,-84.397112,43.77,453.64,1294.9,202.0,0.0,61.82,22.43,22.9
39.478686,-84.397112,43.77,453.64,1294.9,202.0,0.0,76.37,18.85,45.6
39.478686,-84.397112,43.77,453.64,1294.9,202.0,0.0,79.27,17.34,31.6
39.478686,-84.397112,43.77,453.64,1294.9,202.0,0.0,80.7,16.37,36.3
39.478686,-84.397112,43.77,453.64,1294.9,202.0,0.0,79.94,15.73,25.7
39.478686,-84.397112,43.77,453.64,1294.9,202.0,0.0,87.01,15.07,17.3
39.478686,-84.397112,43.77,453.64,1294.9,202.0,0.0,60.33,20.58,15.9
39.478686,-84.397112,43.77,453.64,1294.9,202.0,0.0,37.12,27.67,10.8
39.478686,-84.397112,43.77,453.64,1294.9,202.0,0.0,33.13,29.46,11.4
39.478686,-84.397112,43.77,453.64,1294.9,202.0,0.0,32.73,29.47,10.0
39.478686,-84.397112,43.77,453.64,1294.9,202.0,0.0,54.86,27.49,10.5
34.1785,-118.36865,47.96,230.73,4882.77,200.0,0.02,88.1,16.95,9.1
33.83612,-118.21385,79.19,142.42,1409.16,11.0,0.0,71.97,23.33,6.53
34.27114,-118.40617,22.0,952.06,5653.4,324.0,0.0,47.84,26.76,12.41
34.27114,-118.40617,22.0,952.06,5653.4,324.0,0.01,77.26,18.83,9.43
34.05627,-118.4947,17.6,3525.74,1063.74,115.0,0.0,73.55,21.66,5.16
34.05627,-118.4947,17.6,3525.74,1063.74,115.0,0.0,69.82,22.97,9.81
34.04462,-118.46293,11.84,460.18,10299.85,79.0,0.0,90.63,17.88,8.33
43.24132,-79.88941,11.45,1554.23,1111.09,197.0,0.0,62.63,20.8,6.0
43.24132,-79.88941,11.45,1554.23,1111.09,197.0,0.0,91.1,17.97,6.0
43.24132,-79.88941,11.45,1554.23,1111.09,197.0,0.0,76.84,18.99,7.0
43.24132,-79.88941,11.45,1554.23,1111.09,197.0,0.0,100.0,17.21,6.0
43.24132,-79.88941,11.45,1554.23,1111.09,197.0,0.0,91.21,16.39,7.0
43.24132,-79.88941,11.45,1554.23,1111.09,197.0,0.0,97.23,15.17,8.0
43.24132,-79.88941,11.45,1554.23,1111.09,197.0,0.0,42.46,22.21,6.0
43.24132,-79.88941,11.45,1554.23,1111.09,197.0,0.0,87.79,16.63,8.0
43.24132,-79.88941,11.45,1554.23,1111.09,197.0,0.0,37.51,25.87,4.0
43.24132,-79.88941,11.45,1554.23,1111.09,197.0,0.0,25.89,27.17,4.0
43.24132,-79.88941,11.45,1554.23,1111.09,197.0,0.0,31.23,24.32,6.0
41.809575,-88.331905,26.84,813.34,1799.91,215.0,0.0,48.32,21.55,28.99
41.809575,-88.331905,26.84,813.34,1799.91,215.0,0.0,52.88,20.01,33.49
41.809575,-88.331905,26.84,813.34,1799.91,215.0,0.0,63.91,18.42,22.35
41.809575,-88.331905,26.84,813.34,1799.91,215.0,0.0,64.1,21.72,13.12
41.809575,-88.331905,26.84,813.34,1799.91,215.0,0.0,46.02,26.88,11.62
43.24132,-79.88941,11.45,1554.23,1111.09,197.0,0.0,21.47,26.71,4.0
41.809575,-88.331905,26.84,813.34,1799.91,215.0,0.0,38.17,29.57,12.4
41.809575,-88.331905,26.84,813.34,1799.91,215.0,0.0,36.96,30.07,12.73
41.809575,-88.331905,26.84,813.34,1799.91,215.0,0.0,41.87,28.85,12.45
42.399378,-71.120936,26.07,613.21,7211.04,17.0,0.0,81.92,19.08,11.95
41.809575,-88.331905,26.84,813.34,1799.91,215.0,0.0,84.32,16.33,22.19
42.399378,-71.120936,26.07,613.21,7211.04,17.0,0.0,85.83,18.49,10.91
42.399378,-71.120936,26.07,613.21,7211.04,17.0,0.0,64.68,23.43,5.87
42.399378,-71.120936,26.07,613.21,7211.04,17.0,0.0,52.04,26.7,6.87
42.399378,-71.120936,26.07,613.21,7211.04,17.0,0.0,50.43,27.43,7.51
42.399378,-71.120936,26.07,613.21,7211.04,17.0,0.0,47.54,27.82,7.68
42.399378,-71.120936,26.07,613.21,7211.04,17.0,0.0,59.93,24.8,14.33
42.399378,-71.120936,26.07,613.21,7211.04,17.0,0.0,84.14,18.54,13.3
18.46992,-97.39328,40.41,1547.32,6899.04,1636.0,0.95,83.75,17.67,19.21
42.399378,-71.120936,26.07,613.21,7211.04,17.0,0.0,86.33,18.01,15.75
18.46992,-97.39328,40.41,1547.32,6899.04,1636.0,2.02,93.42,15.74,10.35
18.46992,-97.39328,40.41,1547.32,6899.04,1636.0,0.79,94.67,15.42,11.07
18.46992,-97.39328,40.41,1547.32,6899.04,1636.0,0.07,94.05,15.2,17.23
18.46992,-97.39328,40.41,1547.32,6899.04,1636.0,0.02,95.42,14.8,11.4
18.46992,-97.39328,40.41,1547.32,6899.04,1636.0,0.0,76.69,17.66,13.95
18.46992,-97.39328,40.41,1547.32,6899.04,1636.0,0.02,54.53,22.16,9.71
18.46992,-97.39328,40.41,1547.32,6899.04,1636.0,0.93,89.9,16.51,11.75
18.46992,-97.39328,40.41,1547.32,6899.04,1636.0,0.01,48.47,23.48,9.01
18.46992,-97.39328,40.41,1547.32,6899.04,1636.0,0.0,45.1,24.39,6.5
18.46992,-97.39328,40.41,1547.32,6899.04,1636.0,0.03,52.03,22.49,9.46
47.365741,-122.128208,6.66,550.93,1106.7,120.0,0.0,50.14,21.06,9.73
47.365741,-122.128208,6.66,550.93,1106.7,120.0,0.0,76.01,16.38,7.4
47.365741,-122.128208,6.66,550.93,1106.7,120.0,0.0,97.32,12.45,7.99
47.365741,-122.128208,6.66,550.93,1106.7,120.0,0.0,95.6,11.17,13.97
47.365741,-122.128208,6.66,550.93,1106.7,120.0,0.02,99.52,10.42,16.37
18.46992,-97.39328,40.41,1547.32,6899.04,1636.0,0.22,94.09,15.33,12.28
47.365741,-122.128208,6.66,550.93,1106.7,120.0,0.0,52.54,19.42,6.8
47.365741,-122.128208,6.66,550.93,1106.7,120.0,0.0,49.42,21.36,4.38
47.365741,-122.128208,6.66,550.93,1106.7,120.0,0.0,89.58,13.95,6.31
47.365741,-122.128208,6.66,550.93,1106.7,120.0,0.0,49.44,22.49,3.62
40.357937,-111.71126,34.81,3389.61,2629.43,1495.0,0.0,35.71,19.68,0.74
40.357937,-111.71126,34.81,3389.61,2629.43,1495.0,0.0,43.27,15.04,0.79
40.357937,-111.71126,34.81,3389.61,2629.43,1495.0,0.0,42.56,16.82,0.13
47.365741,-122.128208,6.66,550.93,1106.7,120.0,0.0,70.98,14.19,15.53
40.357937,-111.71126,34.81,3389.61,2629.43,1495.0,0.0,45.09,17.64,0.79
40.357937,-111.71126,34.81,3389.61,2629.43,1495.0,0.0,70.92,11.0,0.43
40.357937,-111.71126,34.81,3389.61,2629.43,1495.0,0.09,35.56,20.74,0.01
40.357937,-111.71126,34.81,3389.61,2629.43,1495.0,-9999.0,-9999.0,-9999.0,1.08
42.88537,-85.67977,10.91,164.34,197.08,205.0,0.0,57.39,21.27,15.6
42.88537,-85.67977,10.91,164.34,197.08,205.0,0.0,61.38,19.39,17.6
42.88537,-85.67977,10.91,164.34,197.08,205.0,0.0,69.82,18.15,13.4
40.357937,-111.71126,34.81,3389.61,2629.43,1495.0,0.0,71.55,10.46,0.12
42.88537,-85.67977,10.91,164.34,197.08,205.0,0.0,97.13,15.95,19.1
42.88537,-85.67977,10.91,164.34,197.08,205.0,0.0,85.85,16.89,21.7
42.88537,-85.67977,10.91,164.34,197.08,205.0,0.0,59.93,19.93,10.5
42.88537,-85.67977,10.91,164.34,197.08,205.0,0.0,28.4,25.87,6.2
42.88537,-85.67977,10.91,164.34,197.08,205.0,0.0,39.34,23.98,9.3
42.88537,-85.67977,10.91,164.34,197.08,205.0,0.0,25.19,25.9,7.6
42.88537,-85.67977,10.91,164.34,197.08,205.0,0.0,35.61,23.78,9.3
41.62057,-83.64226,7.93,853.31,1426.96,191.0,0.0,61.48,22.65,13.2
42.88537,-85.67977,10.91,164.34,197.08,205.0,0.0,98.86,15.12,15.6
42.88537,-85.67977,10.91,164.34,197.08,205.0,0.0,98.44,15.08,10.8
41.62057,-83.64226,7.93,853.31,1426.96,191.0,0.0,62.16,19.51,17.8
41.62057,-83.64226,7.93,853.31,1426.96,191.0,0.0,69.81,16.93,17.9
41.62057,-83.64226,7.93,853.31,1426.96,191.0,0.0,74.18,16.36,16.3
41.62057,-83.64226,7.93,853.31,1426.96,191.0,0.0,74.05,15.77,16.4
41.62057,-83.64226,7.93,853.31,1426.96,191.0,0.0,56.48,21.29,14.9
41.62057,-83.64226,7.93,853.31,1426.96,191.0,-9999.0,-9999.0,-9999.0,19.5
